{
  "catastrophe.meteoryt": {
    "sounds": [
      "catastrophe/meteoryt"
    ]
  },
  "catastrophe.cthulhu": {
    "sounds": [
      "catastrophe/cthulhu"
    ]
  },
  "catastrophe.dynozavry": {
    "sounds": [
      "catastrophe/dynozavry"
    ]
  },
  "catastrophe.dukhy-ta-pryvydy": {
    "sounds": [
      "catastrophe/dukhy-ta-pryvydy"
    ]
  },
  "catastrophe.kotopokallpsys": {
    "sounds": [
      "catastrophe/kotopokalipsys"
    ]
  },
  "catastrophe.himichna-viyna": {
    "sounds": [
      "catastrophe/himichna-viyna"
    ]
  },
  "catastrophe.inform-viyna": {
    "sounds": [
      "catastrophe/inform-viyna"
    ]
  },
  "catastrophe.mutanty": {
    "sounds": [
      "catastrophe/mutanty"
    ]
  },
  "catastrophe.povstannya-robotiv": {
    "sounds": [
      "catastrophe/povstannya-robotiv"
    ]
  },
  "catastrophe.pandemiya": {
    "sounds": [
      "catastrophe/pandemiya"
    ]
  },
  "catastrophe.strazhdayuchyi-oriy": {
    "sounds": [
      "catastrophe/strazhdayuchyi-oriy"
    ]
  },
  "catastrophe.prybultsi": {
    "sounds": [
      "catastrophe/prybultsi"
    ]
  },
  "catastrophe.rosiyska-propahanda": {
    "sounds": [
      "catastrophe/rosiyska-propahanda"
    ]
  },
  "catastrophe.vlada-alhorytmiv": {
    "sounds": [
      "catastrophe/vlada-alhorytmiv"
    ]
  },
  "catastrophe.vsesviitnya-povin": {
    "sounds": [
      "catastrophe/vsesvitnya-povin"
    ]
  },
  "catastrophe.supervulkany": {
    "sounds": [
      "catastrophe/supervulkany"
    ]
  },
  "catastrophe.zelenyi-efekt": {
    "sounds": [
      "catastrophe/zelenyi-efekt"
    ]
  },
  "catastrophe.yaderna-viyna": {
    "sounds": [
      "catastrophe/yaderna-viyna"
    ]
  },
  "catastrophe.vtrata-estetyky": {
    "sounds": [
      "catastrophe/vtrata-estetyky"
    ]
  },
  "catastrophe.zombiapokalipsys": {
    "sounds": [
      "catastrophe/zombiapokalipsys"
    ]
  }
}
